{"1992-06": {"louvian": 0.5, "girvan": 0.25}, "1992-07": {"louvian": 0.8194444444444444, "girvan": 0.7569444444444444}, "1992-08": {"louvian": 0.8719723183391004, "girvan": 0.8235294117647058}, "1992-09": {"louvian": 0.8614540466392318, "girvan": 0.8614540466392318}, "1992-10": {"louvian": 0.8850442137639369, "girvan": 0.8877354863514033}, "1992-11": {"louvian": 0.9009375, "girvan": 0.8975000000000001}, "1992-12": {"louvian": 0.9134948096885813, "girvan": 0.9098933691123509}, "1993-01": {"louvian": 0.9186390532544378, "girvan": 0.9162557527942143}, "1993-02": {"louvian": 0.8684973207397677, "girvan": 0.861032922582932}, "1993-03": {"louvian": 0.8788325090308392, "girvan": 0.8494959647324583}, "1993-04": {"louvian": 0.8790262753825716, "girvan": 0.8147841439078952}, "1993-05": {"louvian": 0.8639859552504767, "girvan": 0.6351790672626243}, "1993-06": {"louvian": 0.8575592930618724, "girvan": 0.6196430206648149}, "1993-07": {"louvian": 0.8416838091171962, "girvan": 0.5924418773894312}, "1993-08": {"louvian": 0.8252727417717404, "girvan": 0.6165183213154173}, "1993-09": {"louvian": 0.826943480642805, "girvan": 0.4388878743608475}, "1993-10": {"louvian": 0.8370878370035558, "girvan": 0.5163200384017225}, "1993-11": {"louvian": 0.8333103514138509, "girvan": 0.30769200784666073}, "1993-12": {"louvian": 0.8259859046005924, "girvan": 0.14943097970505909}, "1994-01": {"louvian": 0.8261066599080654, "girvan": 0.13185657408261994}}