{
    "density": 0.0006396415260737826,
    "average_clustering": 0.10591535445054066,
    "connected_components": 85,
    "degree_centrality": 0.0012792830521475651,
    "betweenness_centrality": 1.7465071428816751e-06,
    "closeness_centrality": 0.0017506007663726886,
    "pagerank": 0.00014647722279185498
}