{
    "density": 0.001266084851573449,
    "average_clustering": 0.06104671091227932,
    "connected_components": 79,
    "degree_centrality": 0.0025321697031468974,
    "betweenness_centrality": 4.4944627370844996e-07,
    "closeness_centrality": 0.0014104720032535282,
    "pagerank": 0.0006648936170212758
}